<ImportExportXml xmlns:xsi="http://www.w3.org/2001/XMLSchema-instance" OrganizationVersion="9.2.25035.212" OrganizationSchemaType="Standard" CRMServerServiceabilityVersion="9.2.25035.00214">
  <Entities>
    <Entity>
      <Name LocalizedName="Dynamic SQL Virtual Entity Data Source" OriginalName="Dynamic SQL Virtual Entity Data Source">dsqlvep_dynamicsqlvirtualentitydatasource</Name>
      <EntityInfo>
        <entity Name="dsqlvep_dynamicsqlvirtualentitydatasource">
          <LocalizedNames>
            <LocalizedName description="Dynamic SQL Virtual Entity Data Source" languagecode="1033" />
          </LocalizedNames>
          <LocalizedCollectionNames>
            <LocalizedCollectionName description="Dynamic SQL Virtual Entity Data Sources" languagecode="1033" />
          </LocalizedCollectionNames>
          <Descriptions>
            <Description description="" languagecode="1033" />
          </Descriptions>
          <attributes>
            <attribute PhysicalName="dsqlvep_azureadclientid">
              <Type>nvarchar</Type>
              <Name>dsqlvep_azureadclientid</Name>
              <LogicalName>dsqlvep_azureadclientid</LogicalName>
              <RequiredLevel>none</RequiredLevel>
              <DisplayMask>ValidForAdvancedFind|ValidForForm|ValidForGrid</DisplayMask>
              <ImeMode>auto</ImeMode>
              <ValidForUpdateApi>1</ValidForUpdateApi>
              <ValidForReadApi>1</ValidForReadApi>
              <ValidForCreateApi>1</ValidForCreateApi>
              <IsCustomField>1</IsCustomField>
              <IsAuditEnabled>1</IsAuditEnabled>
              <IsSecured>0</IsSecured>
              <IntroducedVersion>1.0</IntroducedVersion>
              <IsCustomizable>1</IsCustomizable>
              <IsRenameable>1</IsRenameable>
              <CanModifySearchSettings>1</CanModifySearchSettings>
              <CanModifyRequirementLevelSettings>1</CanModifyRequirementLevelSettings>
              <CanModifyAdditionalSettings>1</CanModifyAdditionalSettings>
              <SourceType>0</SourceType>
              <IsGlobalFilterEnabled>0</IsGlobalFilterEnabled>
              <IsSortableEnabled>0</IsSortableEnabled>
              <CanModifyGlobalFilterSettings>1</CanModifyGlobalFilterSettings>
              <CanModifyIsSortableSettings>1</CanModifyIsSortableSettings>
              <ExternalName>AzureADClientId</ExternalName>
              <IsDataSourceSecret>0</IsDataSourceSecret>
              <AutoNumberFormat></AutoNumberFormat>
              <IsSearchable>0</IsSearchable>
              <IsFilterable>0</IsFilterable>
              <IsRetrievable>0</IsRetrievable>
              <IsLocalizable>0</IsLocalizable>
              <Format>text</Format>
              <MaxLength>100</MaxLength>
              <Length>200</Length>
              <displaynames>
                <displayname description="Azure AD Client Id" languagecode="1033" />
              </displaynames>
              <Descriptions>
                <Description description="" languagecode="1033" />
              </Descriptions>
            </attribute>
            <attribute PhysicalName="dsqlvep_azureadclientsecret">
              <Type>nvarchar</Type>
              <Name>dsqlvep_azureadclientsecret</Name>
              <LogicalName>dsqlvep_azureadclientsecret</LogicalName>
              <RequiredLevel>none</RequiredLevel>
              <DisplayMask>ValidForAdvancedFind|ValidForForm|ValidForGrid</DisplayMask>
              <ImeMode>auto</ImeMode>
              <ValidForUpdateApi>1</ValidForUpdateApi>
              <ValidForReadApi>1</ValidForReadApi>
              <ValidForCreateApi>1</ValidForCreateApi>
              <IsCustomField>1</IsCustomField>
              <IsAuditEnabled>1</IsAuditEnabled>
              <IsSecured>0</IsSecured>
              <IntroducedVersion>1.0.0.0</IntroducedVersion>
              <IsCustomizable>1</IsCustomizable>
              <IsRenameable>1</IsRenameable>
              <CanModifySearchSettings>1</CanModifySearchSettings>
              <CanModifyRequirementLevelSettings>1</CanModifyRequirementLevelSettings>
              <CanModifyAdditionalSettings>1</CanModifyAdditionalSettings>
              <SourceType>0</SourceType>
              <IsGlobalFilterEnabled>0</IsGlobalFilterEnabled>
              <IsSortableEnabled>0</IsSortableEnabled>
              <CanModifyGlobalFilterSettings>1</CanModifyGlobalFilterSettings>
              <CanModifyIsSortableSettings>1</CanModifyIsSortableSettings>
              <ExternalName>AzureADClientSecret</ExternalName>
              <IsDataSourceSecret>1</IsDataSourceSecret>
              <AutoNumberFormat></AutoNumberFormat>
              <IsSearchable>0</IsSearchable>
              <IsFilterable>0</IsFilterable>
              <IsRetrievable>0</IsRetrievable>
              <IsLocalizable>0</IsLocalizable>
              <Format>text</Format>
              <MaxLength>100</MaxLength>
              <Length>200</Length>
              <displaynames>
                <displayname description="Azure AD Client Secret" languagecode="1033" />
              </displaynames>
              <Descriptions>
                <Description description="" languagecode="1033" />
              </Descriptions>
            </attribute>
            <attribute PhysicalName="dsqlvep_azureadtenantid">
              <Type>nvarchar</Type>
              <Name>dsqlvep_azureadtenantid</Name>
              <LogicalName>dsqlvep_azureadtenantid</LogicalName>
              <RequiredLevel>none</RequiredLevel>
              <DisplayMask>ValidForAdvancedFind|ValidForForm|ValidForGrid</DisplayMask>
              <ImeMode>auto</ImeMode>
              <ValidForUpdateApi>1</ValidForUpdateApi>
              <ValidForReadApi>1</ValidForReadApi>
              <ValidForCreateApi>1</ValidForCreateApi>
              <IsCustomField>1</IsCustomField>
              <IsAuditEnabled>1</IsAuditEnabled>
              <IsSecured>0</IsSecured>
              <IntroducedVersion>1.0</IntroducedVersion>
              <IsCustomizable>1</IsCustomizable>
              <IsRenameable>1</IsRenameable>
              <CanModifySearchSettings>1</CanModifySearchSettings>
              <CanModifyRequirementLevelSettings>1</CanModifyRequirementLevelSettings>
              <CanModifyAdditionalSettings>1</CanModifyAdditionalSettings>
              <SourceType>0</SourceType>
              <IsGlobalFilterEnabled>0</IsGlobalFilterEnabled>
              <IsSortableEnabled>0</IsSortableEnabled>
              <CanModifyGlobalFilterSettings>1</CanModifyGlobalFilterSettings>
              <CanModifyIsSortableSettings>1</CanModifyIsSortableSettings>
              <ExternalName>AzureADTenantId</ExternalName>
              <IsDataSourceSecret>0</IsDataSourceSecret>
              <AutoNumberFormat></AutoNumberFormat>
              <IsSearchable>0</IsSearchable>
              <IsFilterable>0</IsFilterable>
              <IsRetrievable>0</IsRetrievable>
              <IsLocalizable>0</IsLocalizable>
              <Format>text</Format>
              <MaxLength>100</MaxLength>
              <Length>200</Length>
              <displaynames>
                <displayname description="Azure AD Tenant ID" languagecode="1033" />
              </displaynames>
              <Descriptions>
                <Description description="" languagecode="1033" />
              </Descriptions>
            </attribute>
            <attribute PhysicalName="dsqlvep_connectionstring">
              <Type>nvarchar</Type>
              <Name>dsqlvep_connectionstring</Name>
              <LogicalName>dsqlvep_connectionstring</LogicalName>
              <RequiredLevel>required</RequiredLevel>
              <DisplayMask>ValidForAdvancedFind|ValidForForm|ValidForGrid</DisplayMask>
              <ImeMode>auto</ImeMode>
              <ValidForUpdateApi>1</ValidForUpdateApi>
              <ValidForReadApi>1</ValidForReadApi>
              <ValidForCreateApi>1</ValidForCreateApi>
              <IsCustomField>1</IsCustomField>
              <IsAuditEnabled>1</IsAuditEnabled>
              <IsSecured>0</IsSecured>
              <IntroducedVersion>1.0.0.0</IntroducedVersion>
              <IsCustomizable>1</IsCustomizable>
              <IsRenameable>1</IsRenameable>
              <CanModifySearchSettings>1</CanModifySearchSettings>
              <CanModifyRequirementLevelSettings>1</CanModifyRequirementLevelSettings>
              <CanModifyAdditionalSettings>1</CanModifyAdditionalSettings>
              <SourceType>0</SourceType>
              <IsGlobalFilterEnabled>0</IsGlobalFilterEnabled>
              <IsSortableEnabled>0</IsSortableEnabled>
              <CanModifyGlobalFilterSettings>1</CanModifyGlobalFilterSettings>
              <CanModifyIsSortableSettings>1</CanModifyIsSortableSettings>
              <ExternalName>ConnectionString</ExternalName>
              <IsDataSourceSecret>1</IsDataSourceSecret>
              <AutoNumberFormat></AutoNumberFormat>
              <IsSearchable>0</IsSearchable>
              <IsFilterable>0</IsFilterable>
              <IsRetrievable>0</IsRetrievable>
              <IsLocalizable>0</IsLocalizable>
              <Format>text</Format>
              <MaxLength>1000</MaxLength>
              <Length>2000</Length>
              <displaynames>
                <displayname description="Connection String" languagecode="1033" />
              </displaynames>
              <Descriptions>
                <Description description="" languagecode="1033" />
              </Descriptions>
            </attribute>
            <attribute PhysicalName="dsqlvep_connectiontype">
              <Type>picklist</Type>
              <Name>dsqlvep_connectiontype</Name>
              <LogicalName>dsqlvep_connectiontype</LogicalName>
              <RequiredLevel>none</RequiredLevel>
              <DisplayMask>ValidForAdvancedFind|ValidForForm|ValidForGrid</DisplayMask>
              <ImeMode>auto</ImeMode>
              <ValidForUpdateApi>1</ValidForUpdateApi>
              <ValidForReadApi>1</ValidForReadApi>
              <ValidForCreateApi>1</ValidForCreateApi>
              <IsCustomField>1</IsCustomField>
              <IsAuditEnabled>1</IsAuditEnabled>
              <IsSecured>0</IsSecured>
              <IntroducedVersion>1.0.0.0</IntroducedVersion>
              <IsCustomizable>1</IsCustomizable>
              <IsRenameable>1</IsRenameable>
              <CanModifySearchSettings>1</CanModifySearchSettings>
              <CanModifyRequirementLevelSettings>1</CanModifyRequirementLevelSettings>
              <CanModifyAdditionalSettings>1</CanModifyAdditionalSettings>
              <SourceType>0</SourceType>
              <IsGlobalFilterEnabled>0</IsGlobalFilterEnabled>
              <IsSortableEnabled>0</IsSortableEnabled>
              <CanModifyGlobalFilterSettings>1</CanModifyGlobalFilterSettings>
              <CanModifyIsSortableSettings>1</CanModifyIsSortableSettings>
              <ExternalName>ConnectionType</ExternalName>
              <IsDataSourceSecret>0</IsDataSourceSecret>
              <AutoNumberFormat></AutoNumberFormat>
              <IsSearchable>0</IsSearchable>
              <IsFilterable>0</IsFilterable>
              <IsRetrievable>0</IsRetrievable>
              <IsLocalizable>0</IsLocalizable>
              <AppDefaultValue>-1</AppDefaultValue>
              <optionset Name="dsqlvep_dynamicsqlvirtualentitydatasource_dsqlvep_connectiontype">
                <OptionSetType>picklist</OptionSetType>
                <IntroducedVersion>1.0.0.0</IntroducedVersion>
                <IsCustomizable>1</IsCustomizable>
                <ExternalTypeName></ExternalTypeName>
                <displaynames>
                  <displayname description="Connection Type" languagecode="1033" />
                </displaynames>
                <Descriptions>
                  <Description description="" languagecode="1033" />
                </Descriptions>
                <options>
                  <option value="588970000" ExternalValue="" IsHidden="0">
                    <labels>
                      <label description="SQL Connection" languagecode="1033" />
                    </labels>
                    <Descriptions>
                      <Description description="" languagecode="1033" />
                    </Descriptions>
                  </option>
                  <option value="588970001" ExternalValue="" IsHidden="0">
                    <labels>
                      <label description="AAD Connection" languagecode="1033" />
                    </labels>
                    <Descriptions>
                      <Description description="" languagecode="1033" />
                    </Descriptions>
                  </option>
                </options>
              </optionset>
              <displaynames>
                <displayname description="Connection Type" languagecode="1033" />
              </displaynames>
              <Descriptions>
                <Description description="" languagecode="1033" />
              </Descriptions>
            </attribute>
            <attribute PhysicalName="dsqlvep_databasename">
              <Type>nvarchar</Type>
              <Name>dsqlvep_databasename</Name>
              <LogicalName>dsqlvep_databasename</LogicalName>
              <RequiredLevel>none</RequiredLevel>
              <DisplayMask>ValidForAdvancedFind|ValidForForm|ValidForGrid</DisplayMask>
              <ImeMode>auto</ImeMode>
              <ValidForUpdateApi>1</ValidForUpdateApi>
              <ValidForReadApi>1</ValidForReadApi>
              <ValidForCreateApi>1</ValidForCreateApi>
              <IsCustomField>1</IsCustomField>
              <IsAuditEnabled>1</IsAuditEnabled>
              <IsSecured>0</IsSecured>
              <IntroducedVersion>1.0.0.0</IntroducedVersion>
              <IsCustomizable>1</IsCustomizable>
              <IsRenameable>1</IsRenameable>
              <CanModifySearchSettings>1</CanModifySearchSettings>
              <CanModifyRequirementLevelSettings>1</CanModifyRequirementLevelSettings>
              <CanModifyAdditionalSettings>1</CanModifyAdditionalSettings>
              <SourceType>0</SourceType>
              <IsGlobalFilterEnabled>0</IsGlobalFilterEnabled>
              <IsSortableEnabled>0</IsSortableEnabled>
              <CanModifyGlobalFilterSettings>1</CanModifyGlobalFilterSettings>
              <CanModifyIsSortableSettings>1</CanModifyIsSortableSettings>
              <ExternalName>DatabaseName</ExternalName>
              <IsDataSourceSecret>0</IsDataSourceSecret>
              <AutoNumberFormat></AutoNumberFormat>
              <IsSearchable>0</IsSearchable>
              <IsFilterable>0</IsFilterable>
              <IsRetrievable>0</IsRetrievable>
              <IsLocalizable>0</IsLocalizable>
              <Format>text</Format>
              <MaxLength>100</MaxLength>
              <Length>200</Length>
              <displaynames>
                <displayname description="Database Name" languagecode="1033" />
              </displaynames>
              <Descriptions>
                <Description description="" languagecode="1033" />
              </Descriptions>
            </attribute>
            <attribute PhysicalName="dsqlvep_dynamicsqlvirtualentitydatasourceId">
              <Type>primarykey</Type>
              <Name>dsqlvep_dynamicsqlvirtualentitydatasourceid</Name>
              <LogicalName>dsqlvep_dynamicsqlvirtualentitydatasourceid</LogicalName>
              <RequiredLevel>systemrequired</RequiredLevel>
              <DisplayMask>ValidForAdvancedFind|RequiredForGrid</DisplayMask>
              <ImeMode>auto</ImeMode>
              <ValidForUpdateApi>0</ValidForUpdateApi>
              <ValidForReadApi>1</ValidForReadApi>
              <ValidForCreateApi>1</ValidForCreateApi>
              <IsCustomField>0</IsCustomField>
              <IsAuditEnabled>0</IsAuditEnabled>
              <IsSecured>0</IsSecured>
              <IntroducedVersion>1.0.0.0</IntroducedVersion>
              <IsCustomizable>1</IsCustomizable>
              <IsRenameable>1</IsRenameable>
              <CanModifySearchSettings>1</CanModifySearchSettings>
              <CanModifyRequirementLevelSettings>0</CanModifyRequirementLevelSettings>
              <CanModifyAdditionalSettings>1</CanModifyAdditionalSettings>
              <SourceType>0</SourceType>
              <IsGlobalFilterEnabled>0</IsGlobalFilterEnabled>
              <IsSortableEnabled>0</IsSortableEnabled>
              <CanModifyGlobalFilterSettings>1</CanModifyGlobalFilterSettings>
              <CanModifyIsSortableSettings>1</CanModifyIsSortableSettings>
              <ExternalName>Dynamic SQL Virtual Entity Data Source</ExternalName>
              <IsDataSourceSecret>0</IsDataSourceSecret>
              <AutoNumberFormat></AutoNumberFormat>
              <IsSearchable>0</IsSearchable>
              <IsFilterable>1</IsFilterable>
              <IsRetrievable>1</IsRetrievable>
              <IsLocalizable>0</IsLocalizable>
              <displaynames>
                <displayname description="Dynamic SQL Virtual Entity Data Source" languagecode="1033" />
              </displaynames>
              <Descriptions>
                <Description description="Unique identifier for entity instances" languagecode="1033" />
              </Descriptions>
            </attribute>
            <attribute PhysicalName="dsqlvep_enablecreate">
              <Type>bit</Type>
              <Name>dsqlvep_enablecreate</Name>
              <LogicalName>dsqlvep_enablecreate</LogicalName>
              <RequiredLevel>none</RequiredLevel>
              <DisplayMask>ValidForAdvancedFind|ValidForForm|ValidForGrid</DisplayMask>
              <ImeMode>auto</ImeMode>
              <ValidForUpdateApi>1</ValidForUpdateApi>
              <ValidForReadApi>1</ValidForReadApi>
              <ValidForCreateApi>1</ValidForCreateApi>
              <IsCustomField>1</IsCustomField>
              <IsAuditEnabled>1</IsAuditEnabled>
              <IsSecured>0</IsSecured>
              <IntroducedVersion>1.0.0.0</IntroducedVersion>
              <IsCustomizable>1</IsCustomizable>
              <IsRenameable>1</IsRenameable>
              <CanModifySearchSettings>1</CanModifySearchSettings>
              <CanModifyRequirementLevelSettings>1</CanModifyRequirementLevelSettings>
              <CanModifyAdditionalSettings>1</CanModifyAdditionalSettings>
              <SourceType>0</SourceType>
              <IsGlobalFilterEnabled>0</IsGlobalFilterEnabled>
              <IsSortableEnabled>0</IsSortableEnabled>
              <CanModifyGlobalFilterSettings>1</CanModifyGlobalFilterSettings>
              <CanModifyIsSortableSettings>1</CanModifyIsSortableSettings>
              <ExternalName>EnableCreate</ExternalName>
              <IsDataSourceSecret>0</IsDataSourceSecret>
              <AutoNumberFormat></AutoNumberFormat>
              <IsSearchable>0</IsSearchable>
              <IsFilterable>0</IsFilterable>
              <IsRetrievable>0</IsRetrievable>
              <IsLocalizable>0</IsLocalizable>
              <AppDefaultValue>0</AppDefaultValue>
              <optionset Name="dsqlvep_dynamicsqlvirtualentitydatasource_dsqlvep_enablecreate">
                <OptionSetType>bit</OptionSetType>
                <IntroducedVersion>1.0.0.0</IntroducedVersion>
                <IsCustomizable>1</IsCustomizable>
                <displaynames>
                  <displayname description="Enable Create" languagecode="1033" />
                </displaynames>
                <Descriptions>
                  <Description description="" languagecode="1033" />
                </Descriptions>
                <options>
                  <option value="0" Color="#0000ff" IsHidden="0">
                    <labels>
                      <label description="No" languagecode="1033" />
                    </labels>
                  </option>
                  <option value="1" Color="#0000ff" IsHidden="0">
                    <labels>
                      <label description="Yes" languagecode="1033" />
                    </labels>
                  </option>
                </options>
              </optionset>
              <displaynames>
                <displayname description="Enable Create" languagecode="1033" />
              </displaynames>
              <Descriptions>
                <Description description="" languagecode="1033" />
              </Descriptions>
            </attribute>
            <attribute PhysicalName="dsqlvep_enabledelete">
              <Type>bit</Type>
              <Name>dsqlvep_enabledelete</Name>
              <LogicalName>dsqlvep_enabledelete</LogicalName>
              <RequiredLevel>none</RequiredLevel>
              <DisplayMask>ValidForAdvancedFind|ValidForForm|ValidForGrid</DisplayMask>
              <ImeMode>auto</ImeMode>
              <ValidForUpdateApi>1</ValidForUpdateApi>
              <ValidForReadApi>1</ValidForReadApi>
              <ValidForCreateApi>1</ValidForCreateApi>
              <IsCustomField>1</IsCustomField>
              <IsAuditEnabled>1</IsAuditEnabled>
              <IsSecured>0</IsSecured>
              <IntroducedVersion>1.0.0.0</IntroducedVersion>
              <IsCustomizable>1</IsCustomizable>
              <IsRenameable>1</IsRenameable>
              <CanModifySearchSettings>1</CanModifySearchSettings>
              <CanModifyRequirementLevelSettings>1</CanModifyRequirementLevelSettings>
              <CanModifyAdditionalSettings>1</CanModifyAdditionalSettings>
              <SourceType>0</SourceType>
              <IsGlobalFilterEnabled>0</IsGlobalFilterEnabled>
              <IsSortableEnabled>0</IsSortableEnabled>
              <CanModifyGlobalFilterSettings>1</CanModifyGlobalFilterSettings>
              <CanModifyIsSortableSettings>1</CanModifyIsSortableSettings>
              <ExternalName>EnableDetele</ExternalName>
              <IsDataSourceSecret>0</IsDataSourceSecret>
              <AutoNumberFormat></AutoNumberFormat>
              <IsSearchable>0</IsSearchable>
              <IsFilterable>0</IsFilterable>
              <IsRetrievable>0</IsRetrievable>
              <IsLocalizable>0</IsLocalizable>
              <AppDefaultValue>0</AppDefaultValue>
              <optionset Name="dsqlvep_dynamicsqlvirtualentitydatasource_dsqlvep_enabledelete">
                <OptionSetType>bit</OptionSetType>
                <IntroducedVersion>1.0.0.0</IntroducedVersion>
                <IsCustomizable>1</IsCustomizable>
                <displaynames>
                  <displayname description="Enable Delete" languagecode="1033" />
                </displaynames>
                <Descriptions>
                  <Description description="" languagecode="1033" />
                </Descriptions>
                <options>
                  <option value="0" Color="#0000ff" IsHidden="0">
                    <labels>
                      <label description="No" languagecode="1033" />
                    </labels>
                  </option>
                  <option value="1" Color="#0000ff" IsHidden="0">
                    <labels>
                      <label description="Yes" languagecode="1033" />
                    </labels>
                  </option>
                </options>
              </optionset>
              <displaynames>
                <displayname description="Enable Delete" languagecode="1033" />
              </displaynames>
              <Descriptions>
                <Description description="" languagecode="1033" />
              </Descriptions>
            </attribute>
            <attribute PhysicalName="dsqlvep_enableupdate">
              <Type>bit</Type>
              <Name>dsqlvep_enableupdate</Name>
              <LogicalName>dsqlvep_enableupdate</LogicalName>
              <RequiredLevel>none</RequiredLevel>
              <DisplayMask>ValidForAdvancedFind|ValidForForm|ValidForGrid</DisplayMask>
              <ImeMode>auto</ImeMode>
              <ValidForUpdateApi>1</ValidForUpdateApi>
              <ValidForReadApi>1</ValidForReadApi>
              <ValidForCreateApi>1</ValidForCreateApi>
              <IsCustomField>1</IsCustomField>
              <IsAuditEnabled>1</IsAuditEnabled>
              <IsSecured>0</IsSecured>
              <IntroducedVersion>1.0.0.0</IntroducedVersion>
              <IsCustomizable>1</IsCustomizable>
              <IsRenameable>1</IsRenameable>
              <CanModifySearchSettings>1</CanModifySearchSettings>
              <CanModifyRequirementLevelSettings>1</CanModifyRequirementLevelSettings>
              <CanModifyAdditionalSettings>1</CanModifyAdditionalSettings>
              <SourceType>0</SourceType>
              <IsGlobalFilterEnabled>0</IsGlobalFilterEnabled>
              <IsSortableEnabled>0</IsSortableEnabled>
              <CanModifyGlobalFilterSettings>1</CanModifyGlobalFilterSettings>
              <CanModifyIsSortableSettings>1</CanModifyIsSortableSettings>
              <ExternalName>EnableUpdate</ExternalName>
              <IsDataSourceSecret>0</IsDataSourceSecret>
              <AutoNumberFormat></AutoNumberFormat>
              <IsSearchable>0</IsSearchable>
              <IsFilterable>0</IsFilterable>
              <IsRetrievable>0</IsRetrievable>
              <IsLocalizable>0</IsLocalizable>
              <AppDefaultValue>0</AppDefaultValue>
              <optionset Name="dsqlvep_dynamicsqlvirtualentitydatasource_dsqlvep_enableupdate">
                <OptionSetType>bit</OptionSetType>
                <IntroducedVersion>1.0.0.0</IntroducedVersion>
                <IsCustomizable>1</IsCustomizable>
                <displaynames>
                  <displayname description="Enable Update" languagecode="1033" />
                </displaynames>
                <Descriptions>
                  <Description description="" languagecode="1033" />
                </Descriptions>
                <options>
                  <option value="0" Color="#0000ff" IsHidden="0">
                    <labels>
                      <label description="No" languagecode="1033" />
                    </labels>
                  </option>
                  <option value="1" Color="#0000ff" IsHidden="0">
                    <labels>
                      <label description="Yes" languagecode="1033" />
                    </labels>
                  </option>
                </options>
              </optionset>
              <displaynames>
                <displayname description="Enable Update" languagecode="1033" />
              </displaynames>
              <Descriptions>
                <Description description="" languagecode="1033" />
              </Descriptions>
            </attribute>
            <attribute PhysicalName="dsqlvep_name">
              <Type>nvarchar</Type>
              <Name>dsqlvep_name</Name>
              <LogicalName>dsqlvep_name</LogicalName>
              <RequiredLevel>none</RequiredLevel>
              <DisplayMask>PrimaryName|ValidForAdvancedFind|ValidForForm|ValidForGrid|RequiredForForm</DisplayMask>
              <ImeMode>auto</ImeMode>
              <ValidForUpdateApi>1</ValidForUpdateApi>
              <ValidForReadApi>1</ValidForReadApi>
              <ValidForCreateApi>1</ValidForCreateApi>
              <IsCustomField>1</IsCustomField>
              <IsAuditEnabled>1</IsAuditEnabled>
              <IsSecured>0</IsSecured>
              <IntroducedVersion>1.0.0.0</IntroducedVersion>
              <IsCustomizable>1</IsCustomizable>
              <IsRenameable>1</IsRenameable>
              <CanModifySearchSettings>1</CanModifySearchSettings>
              <CanModifyRequirementLevelSettings>1</CanModifyRequirementLevelSettings>
              <CanModifyAdditionalSettings>1</CanModifyAdditionalSettings>
              <SourceType>0</SourceType>
              <IsGlobalFilterEnabled>0</IsGlobalFilterEnabled>
              <IsSortableEnabled>0</IsSortableEnabled>
              <CanModifyGlobalFilterSettings>1</CanModifyGlobalFilterSettings>
              <CanModifyIsSortableSettings>1</CanModifyIsSortableSettings>
              <ExternalName>Name</ExternalName>
              <IsDataSourceSecret>0</IsDataSourceSecret>
              <AutoNumberFormat></AutoNumberFormat>
              <IsSearchable>1</IsSearchable>
              <IsFilterable>0</IsFilterable>
              <IsRetrievable>1</IsRetrievable>
              <IsLocalizable>0</IsLocalizable>
              <Format>text</Format>
              <MaxLength>100</MaxLength>
              <Length>200</Length>
              <displaynames>
                <displayname description="Name" languagecode="1033" />
              </displaynames>
            </attribute>
            <attribute PhysicalName="dsqlvep_ownersecurityattributename">
              <Type>nvarchar</Type>
              <Name>dsqlvep_ownersecurityattributename</Name>
              <LogicalName>dsqlvep_ownersecurityattributename</LogicalName>
              <RequiredLevel>none</RequiredLevel>
              <DisplayMask>ValidForAdvancedFind|ValidForForm|ValidForGrid</DisplayMask>
              <ImeMode>auto</ImeMode>
              <ValidForUpdateApi>1</ValidForUpdateApi>
              <ValidForReadApi>1</ValidForReadApi>
              <ValidForCreateApi>1</ValidForCreateApi>
              <IsCustomField>1</IsCustomField>
              <IsAuditEnabled>1</IsAuditEnabled>
              <IsSecured>0</IsSecured>
              <IntroducedVersion>1.0.0.0</IntroducedVersion>
              <IsCustomizable>1</IsCustomizable>
              <IsRenameable>1</IsRenameable>
              <CanModifySearchSettings>1</CanModifySearchSettings>
              <CanModifyRequirementLevelSettings>1</CanModifyRequirementLevelSettings>
              <CanModifyAdditionalSettings>1</CanModifyAdditionalSettings>
              <SourceType>0</SourceType>
              <IsGlobalFilterEnabled>0</IsGlobalFilterEnabled>
              <IsSortableEnabled>0</IsSortableEnabled>
              <CanModifyGlobalFilterSettings>1</CanModifyGlobalFilterSettings>
              <CanModifyIsSortableSettings>1</CanModifyIsSortableSettings>
              <ExternalName>OwnerSecurityAttributeName</ExternalName>
              <IsDataSourceSecret>0</IsDataSourceSecret>
              <AutoNumberFormat></AutoNumberFormat>
              <IsSearchable>0</IsSearchable>
              <IsFilterable>0</IsFilterable>
              <IsRetrievable>0</IsRetrievable>
              <IsLocalizable>0</IsLocalizable>
              <Format>text</Format>
              <MaxLength>100</MaxLength>
              <Length>200</Length>
              <displaynames>
                <displayname description="Owner Security Attribute Name" languagecode="1033" />
              </displaynames>
              <Descriptions>
                <Description description="" languagecode="1033" />
              </Descriptions>
            </attribute>
            <attribute PhysicalName="dsqlvep_retrievelinkdata">
              <Type>bit</Type>
              <Name>dsqlvep_retrievelinkdata</Name>
              <LogicalName>dsqlvep_retrievelinkdata</LogicalName>
              <RequiredLevel>none</RequiredLevel>
              <DisplayMask>ValidForAdvancedFind|ValidForForm|ValidForGrid</DisplayMask>
              <ImeMode>auto</ImeMode>
              <ValidForUpdateApi>1</ValidForUpdateApi>
              <ValidForReadApi>1</ValidForReadApi>
              <ValidForCreateApi>1</ValidForCreateApi>
              <IsCustomField>1</IsCustomField>
              <IsAuditEnabled>1</IsAuditEnabled>
              <IsSecured>0</IsSecured>
              <IntroducedVersion>1.0.0.0</IntroducedVersion>
              <IsCustomizable>1</IsCustomizable>
              <IsRenameable>1</IsRenameable>
              <CanModifySearchSettings>1</CanModifySearchSettings>
              <CanModifyRequirementLevelSettings>1</CanModifyRequirementLevelSettings>
              <CanModifyAdditionalSettings>1</CanModifyAdditionalSettings>
              <SourceType>0</SourceType>
              <IsGlobalFilterEnabled>0</IsGlobalFilterEnabled>
              <IsSortableEnabled>0</IsSortableEnabled>
              <CanModifyGlobalFilterSettings>1</CanModifyGlobalFilterSettings>
              <CanModifyIsSortableSettings>1</CanModifyIsSortableSettings>
              <ExternalName>RetrieveLinkData</ExternalName>
              <IsDataSourceSecret>0</IsDataSourceSecret>
              <AutoNumberFormat></AutoNumberFormat>
              <IsSearchable>0</IsSearchable>
              <IsFilterable>0</IsFilterable>
              <IsRetrievable>0</IsRetrievable>
              <IsLocalizable>0</IsLocalizable>
              <AppDefaultValue>1</AppDefaultValue>
              <optionset Name="dsqlvep_dynamicsqlvirtualentitydatasource_dsqlvep_retrievelinkdata">
                <OptionSetType>bit</OptionSetType>
                <IntroducedVersion>1.0.0.0</IntroducedVersion>
                <IsCustomizable>1</IsCustomizable>
                <displaynames>
                  <displayname description="Retrieve Link Data" languagecode="1033" />
                </displaynames>
                <Descriptions>
                  <Description description="The virtual entity provider will retrieve values from query fields belonging to related tables. Set this to false to disable this feature i.e. due to performance issues" languagecode="1033" />
                </Descriptions>
                <options>
                  <option value="0" Color="#0000ff" IsHidden="0">
                    <labels>
                      <label description="No" languagecode="1033" />
                    </labels>
                  </option>
                  <option value="1" Color="#0000ff" IsHidden="0">
                    <labels>
                      <label description="Yes" languagecode="1033" />
                    </labels>
                  </option>
                </options>
              </optionset>
              <displaynames>
                <displayname description="Retrieve Link Data" languagecode="1033" />
              </displaynames>
              <Descriptions>
                <Description description="The virtual entity provider will retrieve values from query fields belonging to related tables. Set this to false to disable this feature i.e. due to performance issues" languagecode="1033" />
              </Descriptions>
            </attribute>
            <attribute PhysicalName="dsqlvep_servername">
              <Type>nvarchar</Type>
              <Name>dsqlvep_servername</Name>
              <LogicalName>dsqlvep_servername</LogicalName>
              <RequiredLevel>none</RequiredLevel>
              <DisplayMask>ValidForAdvancedFind|ValidForForm|ValidForGrid</DisplayMask>
              <ImeMode>auto</ImeMode>
              <ValidForUpdateApi>1</ValidForUpdateApi>
              <ValidForReadApi>1</ValidForReadApi>
              <ValidForCreateApi>1</ValidForCreateApi>
              <IsCustomField>1</IsCustomField>
              <IsAuditEnabled>1</IsAuditEnabled>
              <IsSecured>0</IsSecured>
              <IntroducedVersion>1.0.0.0</IntroducedVersion>
              <IsCustomizable>1</IsCustomizable>
              <IsRenameable>1</IsRenameable>
              <CanModifySearchSettings>1</CanModifySearchSettings>
              <CanModifyRequirementLevelSettings>1</CanModifyRequirementLevelSettings>
              <CanModifyAdditionalSettings>1</CanModifyAdditionalSettings>
              <SourceType>0</SourceType>
              <IsGlobalFilterEnabled>0</IsGlobalFilterEnabled>
              <IsSortableEnabled>0</IsSortableEnabled>
              <CanModifyGlobalFilterSettings>1</CanModifyGlobalFilterSettings>
              <CanModifyIsSortableSettings>1</CanModifyIsSortableSettings>
              <ExternalName>ServerName</ExternalName>
              <IsDataSourceSecret>0</IsDataSourceSecret>
              <AutoNumberFormat></AutoNumberFormat>
              <IsSearchable>0</IsSearchable>
              <IsFilterable>0</IsFilterable>
              <IsRetrievable>0</IsRetrievable>
              <IsLocalizable>0</IsLocalizable>
              <Format>text</Format>
              <MaxLength>100</MaxLength>
              <Length>200</Length>
              <displaynames>
                <displayname description="Server Name" languagecode="1033" />
              </displaynames>
              <Descriptions>
                <Description description="" languagecode="1033" />
              </Descriptions>
            </attribute>
          </attributes>
          <EntitySetName>dsqlvep_dynamicsqlvirtualentitydatasources</EntitySetName>
          <IsDuplicateCheckSupported>0</IsDuplicateCheckSupported>
          <IsBusinessProcessEnabled>0</IsBusinessProcessEnabled>
          <IsRequiredOffline>0</IsRequiredOffline>
          <IsInteractionCentricEnabled>0</IsInteractionCentricEnabled>
          <IsCollaboration>0</IsCollaboration>
          <AutoRouteToOwnerQueue>0</AutoRouteToOwnerQueue>
          <IsConnectionsEnabled>0</IsConnectionsEnabled>
          <IsDocumentManagementEnabled>0</IsDocumentManagementEnabled>
          <AutoCreateAccessTeams>0</AutoCreateAccessTeams>
          <IsOneNoteIntegrationEnabled>0</IsOneNoteIntegrationEnabled>
          <IsKnowledgeManagementEnabled>0</IsKnowledgeManagementEnabled>
          <IsSLAEnabled>0</IsSLAEnabled>
          <IsDocumentRecommendationsEnabled>0</IsDocumentRecommendationsEnabled>
          <DataProviderId>{b2112a7e-b26c-42f7-9b63-9a809a9d716f}</DataProviderId>
          <IsBPFEntity>0</IsBPFEntity>
          <OwnershipTypeMask>OrgOwned</OwnershipTypeMask>
          <IsAuditEnabled>0</IsAuditEnabled>
          <IsRetrieveAuditEnabled>0</IsRetrieveAuditEnabled>
          <IsRetrieveMultipleAuditEnabled>0</IsRetrieveMultipleAuditEnabled>
          <IsActivity>0</IsActivity>
          <ActivityTypeMask></ActivityTypeMask>
          <IsActivityParty>0</IsActivityParty>
          <IsReplicated>0</IsReplicated>
          <IsReplicationUserFiltered>0</IsReplicationUserFiltered>
          <IsMailMergeEnabled>0</IsMailMergeEnabled>
          <IsVisibleInMobile>0</IsVisibleInMobile>
          <IsVisibleInMobileClient>0</IsVisibleInMobileClient>
          <IsReadOnlyInMobileClient>0</IsReadOnlyInMobileClient>
          <IsOfflineInMobileClient>0</IsOfflineInMobileClient>
          <DaysSinceRecordLastModified>0</DaysSinceRecordLastModified>
          <MobileOfflineFilters></MobileOfflineFilters>
          <IsMapiGridEnabled>0</IsMapiGridEnabled>
          <IsReadingPaneEnabled>0</IsReadingPaneEnabled>
          <IsQuickCreateEnabled>0</IsQuickCreateEnabled>
          <SyncToExternalSearchIndex>0</SyncToExternalSearchIndex>
          <IntroducedVersion>1.0.0.0</IntroducedVersion>
          <IsCustomizable>1</IsCustomizable>
          <IsRenameable>1</IsRenameable>
          <IsMappable>1</IsMappable>
          <CanModifyAuditSettings>1</CanModifyAuditSettings>
          <CanModifyMobileVisibility>1</CanModifyMobileVisibility>
          <CanModifyMobileClientVisibility>1</CanModifyMobileClientVisibility>
          <CanModifyMobileClientReadOnly>1</CanModifyMobileClientReadOnly>
          <CanModifyMobileClientOffline>1</CanModifyMobileClientOffline>
          <CanModifyConnectionSettings>1</CanModifyConnectionSettings>
          <CanModifyDuplicateDetectionSettings>1</CanModifyDuplicateDetectionSettings>
          <CanModifyMailMergeSettings>1</CanModifyMailMergeSettings>
          <CanModifyQueueSettings>1</CanModifyQueueSettings>
          <CanCreateAttributes>1</CanCreateAttributes>
          <CanCreateForms>1</CanCreateForms>
          <CanCreateCharts>0</CanCreateCharts>
          <CanCreateViews>1</CanCreateViews>
          <CanModifyAdditionalSettings>0</CanModifyAdditionalSettings>
          <CanEnableSyncToExternalSearchIndex>0</CanEnableSyncToExternalSearchIndex>
          <EnforceStateTransitions>0</EnforceStateTransitions>
          <CanChangeHierarchicalRelationship>0</CanChangeHierarchicalRelationship>
          <EntityHelpUrlEnabled>0</EntityHelpUrlEnabled>
          <ChangeTrackingEnabled>0</ChangeTrackingEnabled>
          <CanChangeTrackingBeEnabled>0</CanChangeTrackingBeEnabled>
          <IsEnabledForExternalChannels>0</IsEnabledForExternalChannels>
          <ExternalName>DynamicSQLVirtualEntityDataSource</ExternalName>
          <ExternalCollectionName>DynamicSQLVirtualEntityDataSources</ExternalCollectionName>
          <IsMSTeamsIntegrationEnabled>0</IsMSTeamsIntegrationEnabled>
          <IsSolutionAware>0</IsSolutionAware>
        </entity>
      </EntityInfo>
      <FormXml>
        <forms type="card">
          <systemform>
            <formid>{3c4996fd-5a19-4599-8c5b-c5f005d819ae}</formid>
            <IntroducedVersion>1.0.0.0</IntroducedVersion>
            <FormPresentation>1</FormPresentation>
            <FormActivationState>1</FormActivationState>
            <form>
              <tabs>
                <tab name="general" verticallayout="true" id="{995595d8-68e8-43ee-94b5-77833653b502}" IsUserDefined="0">
                  <labels>
                    <label description="" languagecode="1033" />
                  </labels>
                  <columns>
                    <column width="25%">
                      <sections>
                        <section name="ColorStrip" showlabel="false" showbar="false" columns="1" IsUserDefined="0" id="{974d92fd-3f11-4f68-8365-369f9c9f0926}">
                          <labels>
                            <label description="ColorStrip" languagecode="1033" />
                          </labels>
                        </section>
                      </sections>
                    </column>
                    <column width="75%">
                      <sections>
                        <section name="CardHeader" showlabel="false" showbar="false" columns="111" id="{d986e716-0d13-496c-b27b-42bf2017afaf}" IsUserDefined="0">
                          <labels>
                            <label description="Header" languagecode="1033" />
                          </labels>
                          <rows>
                            <row>
                              <cell id="{0e628b50-0d8d-4b37-82fe-115939edc153}" showlabel="true" locklevel="0">
                                <labels>
                                  <label description="" languagecode="1033" />
                                </labels>
                                <control id="statuscode" classid="{5D68B988-0661-4db2-BC3E-17598AD3BE6C}" datafieldname="statuscode" disabled="false" />
                              </cell>
                              <cell id="{0a9ea30e-bf59-4347-899e-770913eb7d2a}" showlabel="true" locklevel="0">
                                <labels>
                                  <label description="" languagecode="1033" />
                                </labels>
                              </cell>
                              <cell id="{0b176bf4-1223-4e36-8b08-8504bc0de8ce}" showlabel="true" locklevel="0">
                                <labels>
                                  <label description="" languagecode="1033" />
                                </labels>
                              </cell>
                            </row>
                          </rows>
                        </section>
                        <section name="CardDetails" showlabel="false" showbar="false" columns="1" id="{eb54666b-f165-46b0-b391-b77d40eade08}" IsUserDefined="0">
                          <labels>
                            <label description="Details" languagecode="1033" />
                          </labels>
                          <rows>
                            <row>
                              <cell id="{9720b411-c69f-413e-b08c-db8e8f5a9738}" showlabel="true" locklevel="0">
                                <labels>
                                  <label description="Name" languagecode="1033" />
                                </labels>
                                <control id="dsqlvep_name" classid="{4273EDBD-AC1D-40d3-9FB2-095C621B552D}" datafieldname="dsqlvep_name" disabled="false" />
                              </cell>
                            </row>
                          </rows>
                        </section>
                        <section name="CardFooter" showlabel="false" columns="1111" showbar="false" id="{52f5f146-057b-4d87-b1e5-b97675c98c35}" IsUserDefined="0">
                          <labels>
                            <label description="Footer" languagecode="1033" />
                          </labels>
                          <rows>
                            <row>
                              <cell id="{51f667d6-5c9e-4b62-9b17-1e9e7343d4ca}" showlabel="true" locklevel="0">
                                <labels>
                                  <label description="" languagecode="1033" />
                                </labels>
                                <control id="createdon" classid="{270BD3DB-D9AF-4782-9025-509E298DEC0A}" datafieldname="createdon" disabled="false" />
                              </cell>
                              <cell id="{c09506f8-b90a-4c3b-a01a-e4372b013d94}" showlabel="true" locklevel="0">
                                <labels>
                                  <label description="" languagecode="1033" />
                                </labels>
                              </cell>
                              <cell id="{bff72664-feec-49ef-9f22-18c7afaa23f9}" showlabel="true" locklevel="0">
                                <labels>
                                  <label description="" languagecode="1033" />
                                </labels>
                              </cell>
                            </row>
                          </rows>
                        </section>
                      </sections>
                    </column>
                  </columns>
                </tab>
              </tabs>
            </form>
            <IsCustomizable>1</IsCustomizable>
            <CanBeDeleted>1</CanBeDeleted>
            <LocalizedNames>
              <LocalizedName description="Information" languagecode="1033" />
            </LocalizedNames>
            <Descriptions>
              <Description description="A card form for this entity." languagecode="1033" />
            </Descriptions>
          </systemform>
        </forms>
        <forms type="main">
          <systemform>
            <formid>{1189a854-2209-422e-92bf-87c79edf4702}</formid>
            <IntroducedVersion>1.0.0.0</IntroducedVersion>
            <FormPresentation>1</FormPresentation>
            <FormActivationState>1</FormActivationState>
            <form headerdensity="HighWithControls">
              <tabs>
                <tab verticallayout="true" id="{4a06f6ca-11d0-4d7f-8046-12f13e04f44f}" IsUserDefined="1" name="tab_main">
                  <labels>
                    <label description="General" languagecode="1033" />
                  </labels>
                  <columns>
                    <column width="100%">
                      <sections>
                        <section showlabel="false" showbar="false" IsUserDefined="0" id="{758286bd-4e87-402c-b45a-acb7fab831e4}" name="{758286bd-4e87-402c-b45a-acb7fab831e4}" columns="1" locklevel="0" labelwidth="250" celllabelalignment="Left" celllabelposition="Left">
                          <labels>
                            <label description="General" languagecode="1033" />
                          </labels>
                          <rows>
                            <row>
                              <cell id="{c5f7ea3e-ae1d-42c1-8a59-0c25f5879776}">
                                <labels>
                                  <label description="Name" languagecode="1033" />
                                </labels>
                                <control id="dsqlvep_name" classid="{4273EDBD-AC1D-40d3-9FB2-095C621B552D}" datafieldname="dsqlvep_name" />
                              </cell>
                            </row>
                            <row>
                              <cell id="{add20704-2243-1114-c0bb-806ce2b0b161}" showlabel="true" locklevel="0">
                                <labels>
                                  <label description="Connection Type" languagecode="1033" />
                                </labels>
                                <control id="dsqlvep_connectiontype" classid="{3EF39988-22BB-4f0b-BBBE-64B5A3748AEE}" datafieldname="dsqlvep_connectiontype" disabled="false" />
                              </cell>
                            </row>
                          </rows>
                        </section>
                        <section name="section_azuread" showlabel="true" showbar="false" locklevel="0" id="{25157740-9d73-87d0-1093-64c442201766}" IsUserDefined="0" layout="varwidth" columns="1" labelwidth="115" celllabelalignment="Left" celllabelposition="Left">
                          <labels>
                            <label description="Azure AD" languagecode="1033" />
                          </labels>
                          <rows>
                            <row>
                              <cell id="{c0e89e94-0958-47ce-be94-75f22682c976}" locklevel="0" colspan="1" rowspan="1">
                                <labels>
                                  <label description="Azure AD Tenant ID" languagecode="1033" />
                                </labels>
                                <control id="dsqlvep_azureadtenantid" classid="{4273EDBD-AC1D-40D3-9FB2-095C621B552D}" datafieldname="dsqlvep_azureadtenantid" disabled="false" />
                              </cell>
                            </row>
                            <row>
                              <cell id="{ea9c2039-00b3-ac1d-3145-cb8009974c7d}" showlabel="true" locklevel="0">
                                <labels>
                                  <label description="Azure AD Client Id" languagecode="1033" />
                                </labels>
                                <control id="dsqlvep_azureadclientid" classid="{4273EDBD-AC1D-40d3-9FB2-095C621B552D}" datafieldname="dsqlvep_azureadclientid" disabled="false" />
                              </cell>
                            </row>
                            <row>
                              <cell id="{14007c98-7442-980e-597c-c5b574c486c0}" showlabel="true" locklevel="0">
                                <labels>
                                  <label description="Azure AD Client Secret" languagecode="1033" />
                                </labels>
                                <control id="dsqlvep_azureadclientsecret" classid="{4273EDBD-AC1D-40d3-9FB2-095C621B552D}" datafieldname="dsqlvep_azureadclientsecret" disabled="false" />
                              </cell>
                            </row>
                            <row>
                              <cell id="{ae39c52a-e391-7743-c574-c670ed63d869}" showlabel="true" locklevel="0">
                                <labels>
                                  <label description="Server Name" languagecode="1033" />
                                </labels>
                                <control id="dsqlvep_servername" classid="{4273EDBD-AC1D-40d3-9FB2-095C621B552D}" datafieldname="dsqlvep_servername" disabled="false" />
                              </cell>
                            </row>
                            <row>
                              <cell id="{41c50b27-d045-a457-7328-1de4a17d302a}" showlabel="true" locklevel="0">
                                <labels>
                                  <label description="Database Name" languagecode="1033" />
                                </labels>
                                <control id="dsqlvep_databasename" classid="{4273EDBD-AC1D-40d3-9FB2-095C621B552D}" datafieldname="dsqlvep_databasename" disabled="false" />
                              </cell>
                            </row>
                          </rows>
                        </section>
                        <section name="section_sql" showlabel="true" showbar="false" locklevel="0" id="{a44289cb-a05a-2775-82d8-51d287031922}" IsUserDefined="0" layout="varwidth" columns="1" labelwidth="115" celllabelalignment="Left" celllabelposition="Left">
                          <labels>
                            <label description="SQL Connection" languagecode="1033" />
                          </labels>
                          <rows>
                            <row>
                              <cell id="{13bc67c1-e0b9-2a59-530a-01109891dda0}" showlabel="true" locklevel="0">
                                <labels>
                                  <label description="Connection String" languagecode="1033" />
                                </labels>
                                <control id="dsqlvep_connectionstring" classid="{4273EDBD-AC1D-40d3-9FB2-095C621B552D}" datafieldname="dsqlvep_connectionstring" disabled="false" />
                              </cell>
                            </row>
                          </rows>
                        </section>
                        <section name="{4a06f6ca-11d0-4d7f-8046-12f13e04f44f}_section_2" showlabel="true" showbar="false" locklevel="0" id="{402d3ce7-2e01-989a-7b08-0a291412c6de}" IsUserDefined="0" layout="varwidth" columns="1" labelwidth="250" celllabelalignment="Left" celllabelposition="Left">
                          <labels>
                            <label description="Operations" languagecode="1033" />
                          </labels>
                          <rows>
                            <row>
                              <cell id="{da9da2dd-ce75-682c-044d-b568ee86097d}" showlabel="true" locklevel="0">
                                <labels>
                                  <label description="Enable Create" languagecode="1033" />
                                </labels>
                                <control id="dsqlvep_enablecreate" classid="{67FAC785-CD58-4f9f-ABB3-4B7DDC6ED5ED}" datafieldname="dsqlvep_enablecreate" disabled="false" />
                              </cell>
                            </row>
                            <row>
                              <cell id="{1d50a0d8-60c8-5ae2-c14c-535a772854d0}" showlabel="true" locklevel="0">
                                <labels>
                                  <label description="Enable Update" languagecode="1033" />
                                </labels>
                                <control id="dsqlvep_enableupdate" classid="{67FAC785-CD58-4f9f-ABB3-4B7DDC6ED5ED}" datafieldname="dsqlvep_enableupdate" disabled="false" />
                              </cell>
                            </row>
                            <row>
                              <cell id="{588618ba-a207-8e9d-91a3-04a08409682d}" showlabel="true" locklevel="0">
                                <labels>
                                  <label description="Enable Delete" languagecode="1033" />
                                </labels>
                                <control id="dsqlvep_enabledelete" classid="{67FAC785-CD58-4f9f-ABB3-4B7DDC6ED5ED}" datafieldname="dsqlvep_enabledelete" disabled="false" />
                              </cell>
                            </row>
                          </rows>
                        </section>
                        <section name="{4a06f6ca-11d0-4d7f-8046-12f13e04f44f}_section_6" showlabel="true" showbar="false" locklevel="0" id="{dd6b6a35-5edd-e6a0-6abe-5d20c5668948}" IsUserDefined="0" layout="varwidth" columns="1" labelwidth="115" celllabelalignment="Left" celllabelposition="Left">
                          <labels>
                            <label description="Security" languagecode="1033" />
                          </labels>
                          <rows>
                            <row>
                              <cell id="{a28322bb-69d8-835c-2558-b43749deb937}" showlabel="true" locklevel="0">
                                <labels>
                                  <label description="Owner Security Attribute Name" languagecode="1033" />
                                </labels>
                                <control id="dsqlvep_ownersecurityattributename" classid="{4273EDBD-AC1D-40d3-9FB2-095C621B552D}" datafieldname="dsqlvep_ownersecurityattributename" disabled="false" />
                              </cell>
                            </row>
                          </rows>
                        </section>
                        <section name="{4a06f6ca-11d0-4d7f-8046-12f13e04f44f}_section_3" showlabel="true" showbar="false" locklevel="0" id="{872b2420-b005-a924-8c97-d40336cc180c}" IsUserDefined="0" layout="varwidth" columns="1" labelwidth="250" celllabelalignment="Left" celllabelposition="Left">
                          <labels>
                            <label description="Behaviour" languagecode="1033" />
                          </labels>
                          <rows>
                            <row>
                              <cell id="{132742a2-760d-4149-a60a-6138db592d8c}" showlabel="true" locklevel="0">
                                <labels>
                                  <label description="Retrieve Link Data" languagecode="1033" />
                                </labels>
                                <control id="dsqlvep_retrievelinkdata" classid="{67FAC785-CD58-4f9f-ABB3-4B7DDC6ED5ED}" datafieldname="dsqlvep_retrievelinkdata" disabled="false" />
                              </cell>
                            </row>
                          </rows>
                        </section>
                      </sections>
                    </column>
                  </columns>
                </tab>
              </tabs>
              <Navigation>
                <NavBar />
                <NavBarAreas>
                  <NavBarArea Id="Info">
                    <Titles>
                      <Title LCID="1033" Text="Common" />
                    </Titles>
                  </NavBarArea>
                  <NavBarArea Id="Sales">
                    <Titles>
                      <Title LCID="1033" Text="Sales" />
                    </Titles>
                  </NavBarArea>
                  <NavBarArea Id="Service">
                    <Titles>
                      <Title LCID="1033" Text="Service" />
                    </Titles>
                  </NavBarArea>
                  <NavBarArea Id="Marketing">
                    <Titles>
                      <Title LCID="1033" Text="Marketing" />
                    </Titles>
                  </NavBarArea>
                  <NavBarArea Id="ProcessCenter">
                    <Titles>
                      <Title LCID="1033" Text="Process Sessions" />
                    </Titles>
                  </NavBarArea>
                </NavBarAreas>
              </Navigation>
              <header id="{736c8412-0b03-4a14-bc86-0c40e5e5fe71}" celllabelposition="Top" columns="111" labelwidth="115" celllabelalignment="Left">
                <rows>
                  <row>
                    <cell id="{e878ff0a-e98d-4f24-8cba-c1efbb32d039}" showlabel="false">
                      <labels>
                        <label description="" languagecode="1033" />
                      </labels>
                    </cell>
                    <cell id="{04dfa0e6-bd63-412d-a9d3-422869d60147}" showlabel="false">
                      <labels>
                        <label description="" languagecode="1033" />
                      </labels>
                    </cell>
                    <cell id="{e3462cc9-1f67-4b54-addf-8dbdc3547551}" showlabel="false">
                      <labels>
                        <label description="" languagecode="1033" />
                      </labels>
                    </cell>
                  </row>
                </rows>
              </header>
              <footer id="{e2be6a46-425a-4953-87a0-c66d1ca80a95}" celllabelposition="Top" columns="111" labelwidth="115" celllabelalignment="Left">
                <rows>
                  <row>
                    <cell id="{e80d5f4c-479c-4f53-b937-50428d363e8a}" showlabel="false">
                      <labels>
                        <label description="" languagecode="1033" />
                      </labels>
                    </cell>
                    <cell id="{e870ea6c-48af-4c0d-9437-ef8ebdee53ff}" showlabel="false">
                      <labels>
                        <label description="" languagecode="1033" />
                      </labels>
                    </cell>
                    <cell id="{13e74921-5f4c-479f-8071-ac9e730f9c7f}" showlabel="false">
                      <labels>
                        <label description="" languagecode="1033" />
                      </labels>
                    </cell>
                  </row>
                </rows>
              </footer>
              <DisplayConditions Order="0" FallbackForm="true">
                <Everyone />
              </DisplayConditions>
              <formLibraries>
                <Library name="dsqlvep_virtual_entity.js" libraryUniqueId="{b11633e6-5b01-4748-adeb-6a3dcd22e7aa}" />
              </formLibraries>
              <events>
                <event name="onload" application="false" active="false">
                  <Handlers>
                    <Handler functionName="dsqlvep.virtualEntityConfig_Onload" libraryName="dsqlvep_virtual_entity.js" handlerUniqueId="{7c76a185-d50c-4202-8feb-6e0992da43e9}" enabled="true" parameters="" passExecutionContext="true" />
                  </Handlers>
                </event>
              </events>
            </form>
            <IsCustomizable>1</IsCustomizable>
            <CanBeDeleted>1</CanBeDeleted>
            <LocalizedNames>
              <LocalizedName description="Information" languagecode="1033" />
            </LocalizedNames>
            <Descriptions>
              <Description description="A form for this entity." languagecode="1033" />
            </Descriptions>
          </systemform>
        </forms>
        <forms type="quick">
          <systemform>
            <formid>{489557c5-b74c-495f-82e3-db11f5fd7c71}</formid>
            <IntroducedVersion>1.0.0.0</IntroducedVersion>
            <FormPresentation>1</FormPresentation>
            <FormActivationState>1</FormActivationState>
            <form>
              <tabs>
                <tab verticallayout="true" id="{d7b11441-ede2-4ae1-a4b4-c8f630fe5d72}" IsUserDefined="1">
                  <labels>
                    <label description="" languagecode="1033" />
                  </labels>
                  <columns>
                    <column width="100%">
                      <sections>
                        <section showlabel="false" showbar="false" IsUserDefined="0" id="{fc735292-2c04-4afd-b45c-51af214ed872}">
                          <labels>
                            <label description="GENERAL" languagecode="1033" />
                          </labels>
                          <rows>
                            <row>
                              <cell id="{234d479d-3247-4576-af77-d028d13709b8}">
                                <labels>
                                  <label description="Name" languagecode="1033" />
                                </labels>
                                <control id="dsqlvep_name" classid="{4273EDBD-AC1D-40d3-9FB2-095C621B552D}" datafieldname="dsqlvep_name" />
                              </cell>
                            </row>
                          </rows>
                        </section>
                      </sections>
                    </column>
                  </columns>
                </tab>
              </tabs>
            </form>
            <IsCustomizable>1</IsCustomizable>
            <CanBeDeleted>1</CanBeDeleted>
            <LocalizedNames>
              <LocalizedName description="Information" languagecode="1033" />
            </LocalizedNames>
          </systemform>
        </forms>
      </FormXml>
      <SavedQueries>
        <savedqueries>
          <savedquery>
            <IsCustomizable>1</IsCustomizable>
            <CanBeDeleted>0</CanBeDeleted>
            <isquickfindquery>0</isquickfindquery>
            <isprivate>0</isprivate>
            <isdefault>1</isdefault>
            <savedqueryid>{b811911e-4763-4525-8174-9a0529064d10}</savedqueryid>
            <layoutxml>
              <grid name="resultset" jump="dsqlvep_name" select="1" icon="1" preview="1">
                <row name="result" id="dsqlvep_dynamicsqlvirtualentitydatasourceid">
                  <cell name="dsqlvep_name" width="300" />
                </row>
              </grid>
            </layoutxml>
            <querytype>0</querytype>
            <fetchxml>
              <fetch version="1.0" mapping="logical">
                <entity name="dsqlvep_dynamicsqlvirtualentitydatasource">
                  <attribute name="dsqlvep_dynamicsqlvirtualentitydatasourceid" />
                  <attribute name="dsqlvep_name" />
                </entity>
              </fetch>
            </fetchxml>
            <IntroducedVersion>1.0.0.0</IntroducedVersion>
            <LocalizedNames>
              <LocalizedName description="All Dynamic SQL Virtual Entity Data Sources" languagecode="1033" />
            </LocalizedNames>
          </savedquery>
          <savedquery>
            <IsCustomizable>1</IsCustomizable>
            <CanBeDeleted>0</CanBeDeleted>
            <isquickfindquery>0</isquickfindquery>
            <isprivate>0</isprivate>
            <isdefault>1</isdefault>
            <savedqueryid>{b7a77582-687e-4c76-bc76-6170e6ba19e8}</savedqueryid>
            <layoutxml>
              <grid name="resultset" jump="dsqlvep_name" select="1" icon="1" preview="1">
                <row name="result" id="dsqlvep_dynamicsqlvirtualentitydatasourceid">
                  <cell name="dsqlvep_name" width="300" />
                </row>
              </grid>
            </layoutxml>
            <querytype>1</querytype>
            <fetchxml>
              <fetch version="1.0" mapping="logical">
                <entity name="dsqlvep_dynamicsqlvirtualentitydatasource">
                  <attribute name="dsqlvep_dynamicsqlvirtualentitydatasourceid" />
                  <attribute name="dsqlvep_name" />
                </entity>
              </fetch>
            </fetchxml>
            <IntroducedVersion>1.0.0.0</IntroducedVersion>
            <LocalizedNames>
              <LocalizedName description="Dynamic SQL Virtual Entity Data Source Advanced Find View" languagecode="1033" />
            </LocalizedNames>
          </savedquery>
          <savedquery>
            <IsCustomizable>1</IsCustomizable>
            <CanBeDeleted>0</CanBeDeleted>
            <isquickfindquery>0</isquickfindquery>
            <isprivate>0</isprivate>
            <isdefault>1</isdefault>
            <savedqueryid>{f2ac97c4-8795-4977-bf4f-b6d06a947ce2}</savedqueryid>
            <layoutxml>
              <grid name="dsqlvep_dynamicsqlvirtualentitydatasources" jump="dsqlvep_name" select="1" icon="1" preview="1">
                <row name="dsqlvep_dynamicsqlvirtualentitydatasource" id="dsqlvep_dynamicsqlvirtualentitydatasourceid">
                  <cell name="dsqlvep_name" width="300" />
                </row>
              </grid>
            </layoutxml>
            <querytype>2</querytype>
            <fetchxml>
              <fetch version="1.0" mapping="logical">
                <entity name="dsqlvep_dynamicsqlvirtualentitydatasource">
                  <attribute name="dsqlvep_dynamicsqlvirtualentitydatasourceid" />
                  <attribute name="dsqlvep_name" />
                </entity>
              </fetch>
            </fetchxml>
            <IntroducedVersion>1.0.0.0</IntroducedVersion>
            <LocalizedNames>
              <LocalizedName description="Dynamic SQL Virtual Entity Data Source Associated View" languagecode="1033" />
            </LocalizedNames>
          </savedquery>
          <savedquery>
            <IsCustomizable>1</IsCustomizable>
            <CanBeDeleted>0</CanBeDeleted>
            <isquickfindquery>0</isquickfindquery>
            <isprivate>0</isprivate>
            <isdefault>1</isdefault>
            <savedqueryid>{5527f0c6-4c27-47d8-a73b-166dd1ae1455}</savedqueryid>
            <layoutxml>
              <grid name="dsqlvep_dynamicsqlvirtualentitydatasources" jump="dsqlvep_name" select="1" icon="1" preview="0">
                <row name="dsqlvep_dynamicsqlvirtualentitydatasource" id="dsqlvep_dynamicsqlvirtualentitydatasourceid">
                  <cell name="dsqlvep_name" width="300" />
                </row>
              </grid>
            </layoutxml>
            <querytype>64</querytype>
            <fetchxml>
              <fetch version="1.0" mapping="logical">
                <entity name="dsqlvep_dynamicsqlvirtualentitydatasource">
                  <attribute name="dsqlvep_dynamicsqlvirtualentitydatasourceid" />
                  <attribute name="dsqlvep_name" />
                </entity>
              </fetch>
            </fetchxml>
            <IntroducedVersion>1.0.0.0</IntroducedVersion>
            <LocalizedNames>
              <LocalizedName description="Dynamic SQL Virtual Entity Data Source Lookup View" languagecode="1033" />
            </LocalizedNames>
          </savedquery>
          <savedquery>
            <IsCustomizable>1</IsCustomizable>
            <CanBeDeleted>1</CanBeDeleted>
            <isquickfindquery>0</isquickfindquery>
            <isprivate>0</isprivate>
            <isdefault>1</isdefault>
            <savedqueryid>{58b75546-3b5c-ed11-9562-00224841b2c4}</savedqueryid>
            <querytype>8192</querytype>
            <fetchxml>
              <fetch version="1.0" mapping="logical" output-format="xml-platform">
                <entity name="dsqlvep_dynamicsqlvirtualentitydatasource">
                  <attribute name="dsqlvep_dynamicsqlvirtualentitydatasourceid" />
                </entity>
              </fetch>
            </fetchxml>
            <IntroducedVersion>1.0.0.0</IntroducedVersion>
            <LocalizedNames>
              <LocalizedName description="Dynamic SQL Virtual Entity Data Sources" languagecode="1033" />
            </LocalizedNames>
            <Descriptions>
              <Description description="All active Dynamic SQL Virtual Entity Data Sources" languagecode="1033" />
            </Descriptions>
          </savedquery>
          <savedquery>
            <IsCustomizable>1</IsCustomizable>
            <CanBeDeleted>0</CanBeDeleted>
            <isquickfindquery>1</isquickfindquery>
            <isprivate>0</isprivate>
            <isdefault>1</isdefault>
            <savedqueryid>{87cc3d94-36ac-47cc-9aaa-728a9eda1ca4}</savedqueryid>
            <layoutxml>
              <grid name="resultset" jump="dsqlvep_name" select="1" icon="1" preview="1">
                <row name="result" id="dsqlvep_dynamicsqlvirtualentitydatasourceid">
                  <cell name="dsqlvep_name" width="300" />
                </row>
              </grid>
            </layoutxml>
            <querytype>4</querytype>
            <fetchxml>
              <fetch version="1.0" mapping="logical">
                <entity name="dsqlvep_dynamicsqlvirtualentitydatasource">
                  <attribute name="dsqlvep_dynamicsqlvirtualentitydatasourceid" />
                  <attribute name="dsqlvep_name" />
                </entity>
              </fetch>
            </fetchxml>
            <IntroducedVersion>1.0.0.0</IntroducedVersion>
            <LocalizedNames>
              <LocalizedName description="Quick Find Active Dynamic SQL Virtual Entity Data Sources" languagecode="1033" />
            </LocalizedNames>
          </savedquery>
        </savedqueries>
      </SavedQueries>
      <RibbonDiffXml>
        <CustomActions />
        <Templates>
          <RibbonTemplates Id="Mscrm.Templates"></RibbonTemplates>
        </Templates>
        <CommandDefinitions />
        <RuleDefinitions>
          <TabDisplayRules />
          <DisplayRules />
          <EnableRules />
        </RuleDefinitions>
        <LocLabels />
      </RibbonDiffXml>
    </Entity>
  </Entities>
  <Roles></Roles>
  <Workflows></Workflows>
  <FieldSecurityProfiles></FieldSecurityProfiles>
  <Templates />
  <EntityMaps />
  <EntityRelationships />
  <OrganizationSettings />
  <optionsets />
  <WebResources>
    <WebResource>
      <WebResourceId>{a29c3ce6-3c5c-ed11-9562-00224841b2c4}</WebResourceId>
      <Name>dsqlvep_virtual_entity.js</Name>
      <DisplayName>Virtual Entity JS</DisplayName>
      <LanguageCode>0</LanguageCode>
      <WebResourceType>3</WebResourceType>
      <IntroducedVersion>1.0.0.0</IntroducedVersion>
      <IsEnabledForMobileClient>0</IsEnabledForMobileClient>
      <IsAvailableForMobileOffline>0</IsAvailableForMobileOffline>
      <DependencyXml>&lt;Dependencies&gt;&lt;Dependency componentType="WebResource"/&gt;&lt;/Dependencies&gt;</DependencyXml>
      <IsCustomizable>1</IsCustomizable>
      <CanBeDeleted>1</CanBeDeleted>
      <IsHidden>0</IsHidden>
      <FileName>/WebResources/dsqlvep_virtual_entityjsA29C3CE6-3C5C-ED11-9562-00224841B2C4</FileName>
    </WebResource>
  </WebResources>
  <CustomControls />
  <SolutionPluginAssemblies>
    <PluginAssembly FullName="D365.VirtualEntity.DynamicSqlDataProvider, Version=1.0.0.0, Culture=neutral, PublicKeyToken=f0bd8238735d94e2" PluginAssemblyId="d4b68557-14a0-4407-8ee7-c99e6983db60" CustomizationLevel="1">
      <IsolationMode>2</IsolationMode>
      <SourceType>0</SourceType>
      <IntroducedVersion>1.0</IntroducedVersion>
      <FileName>/PluginAssemblies/D365VirtualEntityDynamicSqlDataProvider-D4B68557-14A0-4407-8EE7-C99E6983DB60/D365VirtualEntityDynamicSqlDataProvider.dll</FileName>
      <PluginTypes>
        <PluginType AssemblyQualifiedName="D365.VirtualEntity.DynamicSqlDataProvider.Plugins.Create, D365.VirtualEntity.DynamicSqlDataProvider, Version=1.0.0.0, Culture=neutral, PublicKeyToken=f0bd8238735d94e2" PluginTypeId="e9b24310-ad1e-4166-a1a9-7fc5eb503bb0" Name="D365.VirtualEntity.DynamicSqlDataProvider.Plugins.Create">
          <FriendlyName>5ee22ccc-68d8-4434-babb-5c64544767e0</FriendlyName>
        </PluginType>
        <PluginType AssemblyQualifiedName="D365.VirtualEntity.DynamicSqlDataProvider.Plugins.Delete, D365.VirtualEntity.DynamicSqlDataProvider, Version=1.0.0.0, Culture=neutral, PublicKeyToken=f0bd8238735d94e2" PluginTypeId="85024e5e-0653-404f-b699-3a840d3a245e" Name="D365.VirtualEntity.DynamicSqlDataProvider.Plugins.Delete">
          <FriendlyName>b03af957-694d-4746-8b12-93b78567d9a9</FriendlyName>
        </PluginType>
        <PluginType AssemblyQualifiedName="D365.VirtualEntity.DynamicSqlDataProvider.Plugins.Retrieve, D365.VirtualEntity.DynamicSqlDataProvider, Version=1.0.0.0, Culture=neutral, PublicKeyToken=f0bd8238735d94e2" PluginTypeId="a6fcb48d-7127-4b8e-9b14-84d59d9d7e3a" Name="D365.VirtualEntity.DynamicSqlDataProvider.Plugins.Retrieve">
          <FriendlyName>1b6b7e68-e7a9-4086-a94c-cbd0277bfe68</FriendlyName>
        </PluginType>
        <PluginType AssemblyQualifiedName="D365.VirtualEntity.DynamicSqlDataProvider.Plugins.RetrieveMultiple, D365.VirtualEntity.DynamicSqlDataProvider, Version=1.0.0.0, Culture=neutral, PublicKeyToken=f0bd8238735d94e2" PluginTypeId="437874f7-2248-4e05-8a59-2bb877b2fe67" Name="D365.VirtualEntity.DynamicSqlDataProvider.Plugins.RetrieveMultiple">
          <FriendlyName>ad7f1420-e3c4-4ac8-b721-040df2c8c555</FriendlyName>
        </PluginType>
        <PluginType AssemblyQualifiedName="D365.VirtualEntity.DynamicSqlDataProvider.Plugins.Update, D365.VirtualEntity.DynamicSqlDataProvider, Version=1.0.0.0, Culture=neutral, PublicKeyToken=f0bd8238735d94e2" PluginTypeId="9f373263-aba4-4e61-ac09-4e4b32c9588f" Name="D365.VirtualEntity.DynamicSqlDataProvider.Plugins.Update">
          <FriendlyName>ebe60ad2-1732-4139-90a7-4be59a77afda</FriendlyName>
        </PluginType>
      </PluginTypes>
    </PluginAssembly>
  </SolutionPluginAssemblies>
  <EntityDataProviders>
    <EntityDataProvider>
      <EntityDataProviderId>{13f66aa5-3b5c-ed11-9562-00224841b2c4}</EntityDataProviderId>
      <Name>Dynamic SQL Virtual Entity Provider</Name>
      <DataSourceLogicalName>dsqlvep_dynamicsqlvirtualentitydatasource</DataSourceLogicalName>
      <IsCustomizable>1</IsCustomizable>
      <RetrievePluginTypeId>a6fcb48d-7127-4b8e-9b14-84d59d9d7e3a</RetrievePluginTypeId>
      <RetrieveMultiplePluginTypeId>437874f7-2248-4e05-8a59-2bb877b2fe67</RetrieveMultiplePluginTypeId>
      <CreatePluginTypeId>e9b24310-ad1e-4166-a1a9-7fc5eb503bb0</CreatePluginTypeId>
      <UpdatePluginTypeId>9f373263-aba4-4e61-ac09-4e4b32c9588f</UpdatePluginTypeId>
      <DeletePluginTypeId>85024e5e-0653-404f-b699-3a840d3a245e</DeletePluginTypeId>
    </EntityDataProvider>
  </EntityDataProviders>
  <Languages>
    <Language>1033</Language>
  </Languages>
</ImportExportXml>